Row ,Pot,Cluster ,Sucker,Subsucker,Weight ,BER?,Eaten,Mold? ,Unsure,Logged,Sugar Measurement 1 ,Sugar Measurement 2 ,SugarAverage
A,6,,,,72.2,N,N,N,N,29-Nov,9.2,9.4,9.3
A,6,,,,74.7,N,N,N,N,29-Nov,9.4,9.1,9.25
A,6,,,,72.9,N,N,N,N,29-Nov,9,9.4,9.2
B,8,2,2,,127.3,N,N,N,N,29-Nov,9.1,8.8,8.95
A,6,,,,82.9,N,N,N,N,29-Nov,9,8.9,8.95
D,5,,,,55,N,N,N,N,2-Dec,8.6,9.2,8.9
A,6,,,,63.8,N,N,N,N,29-Nov,8.7,9,8.85
A,8,,,,72.9,N,N,N,N,29-Nov,8.2,9.4,8.8
B,8,,,,39.3,N,N,N,N,29-Nov,8.7,8.7,8.7
D,5,,,,26.4,N,N,N,N,29-Nov,9.4,7.9,8.65
D,5,1,1,0,90.8,N,N,N,N,8-Nov,8.4,8.8,8.6
B,8,,,,72.8,N,N,Y,N,26-Nov,8.3,8.9,8.6
C,8,,,,68.7,N,N,N,N,30-Nov,8.6,8.4,8.5
B,1,1,2,,105.8,N,N,N,N,14-Nov,8.8,8,8.4
B,8,,,,100.5,N,N,N,N,29-Nov,8.6,8.2,8.4
D,2,1,2,0,67,N,N,N,N,8-Nov,8.6,8.2,8.4
B,8,,,,122.6,N,N,N,N,29-Nov,8.4,8.3,8.35
D,1,1,0,0,140.3,N,N,N,N,3-Nov,8.5,8,8.25
B,1,,,,109.8,N,N,N,N,2-Dec,8.5,8,8.25
A,6,2,,,112.5,N,N,N,N,14-Nov,7.9,8.5,8.2
B,5,3,,,92,N,N,N,N,8-Nov,7.7,8.3,8
D,5,,,,116.7,N,N,N,N,14-Nov,8.4,7.5,7.95
A,8,,,,83,N,N,N,N,29-Nov,7.9,7.9,7.9
D,5,,,,62.7,N,N,N,N,11-Nov,7.9,7.9,7.9
A,7,,,,108.3,N,N,N,N,29-Nov,7.7,8,7.85
D,8,,,,99.5,N,N,N,N,30-Nov,8.4,7.3,7.85
B,2,,,,77,N,N,N,N,29-Nov,7.9,7.7,7.8
D,1,,,,64.4,N,N,N,N,26-Nov,7.8,7.8,7.8
D,1,,,,65.9,N,N,N,N,29-Nov,8.1,7.4,7.75
D,5,1,0,0,137.5,N,N,N,N,3-Nov,7.8,7.6,7.7
D,1,,,,104.8,N,N,N,N,7-Nov,7.8,7.6,7.7
B,6,,,,155.4,N,N,N,N,30-Nov,7.6,7.7,7.65
D,6,,,,108.7,N,N,N,N,29-Nov,7.7,7.6,7.65
D,8,,,,125.2,N,N,N,N,14-Nov,7.7,7.5,7.6
B,5,1,1,,82.6,N,N,N,N,11-Nov,7.9,7.3,7.6
B,8,,,,74.5,N,N,N,N,26-Nov,7.8,7.4,7.6
C,8,1,2,0,165.1,N,N,N,N,1-Nov,7.5,7.5,7.5
D,4,,,,139.1,N,N,N,N,29-Nov,7.5,7.5,7.5
D,5,1,3,0,111.5,N,N,N,N,8-Nov,8.1,6.9,7.5
A,2,,,,65.7,N,N,N,N,14-Nov,7.2,7.8,7.5
B,5,,,,55.2,N,N,N,N,29-Nov,8,7,7.5
D,3,2,,,48.2,N,N,N,N,14-Nov,7.9,7.1,7.5
B,1,1,,,81.5,N,N,N,N,14-Nov,7.7,7.2,7.45
B,1,1,2,,106,N,N,N,N,14-Nov,7.3,7.6,7.45
C,8,2,2,,121.1,N,N,N,N,11-Nov,7.3,7.5,7.4
D,1,2,0,0,90.4,N,N,N,N,3-Nov,7.2,7.6,7.4
D,4,,,,147.3,N,N,Y,N,2-Dec,7.5,7.2,7.35
B,1,1,1,,108.2,N,N,N,N,14-Nov,7.4,7.3,7.35
A,2,2,1,,89.9,N,N,N,N,30-Nov,7.5,7.2,7.35
C,2,1,2,0,80.8,N,N,N,N,3-Nov,7.4,7.3,7.35
B,8,1,1,,78,N,N,N,N,30-Nov,7.5,7.2,7.35
C,2,,,,37.8,N,N,N,N,30-Nov,7.3,7.4,7.35
D,4,,,,196.4,N,N,N,N,18-Nov,7.2,7.4,7.3
D,2,1,2,0,86.1,N,N,N,N,8-Nov,7.9,6.7,7.3
B,1,2,0,0,85.4,N,N,N,N,1-Nov,7.7,6.9,7.3
C,8,2,1,,97.8,N,N,N,N,14-Nov,7.3,7.3,7.3
D,8,,,,211.7,N,N,N,N,14-Nov,6.9,7.6,7.25
A,6,2,,,104.3,N,N,N,N,14-Nov,7.7,6.8,7.25
D,2,1,2,1,71.6,N,N,N,N,8-Nov,7.5,7,7.25
B,6,,,,103.8,N,N,N,N,29-Nov,7.2,7.2,7.2
C,1,,,,143.5,N,N,N,N,26-Nov,7.3,7.1,7.2
D,8,,,,153,N,N,N,N,2-Dec,7.2,7.1,7.15
B,8,2,,,127.4,N,N,N,N,14-Nov,7.7,6.6,7.15
B,6,2,1,0,127.1,N,N,N,N,11-Nov,6.5,7.8,7.15
B,6,,,,115.5,N,N,N,N,29-Nov,7.5,6.8,7.15
D,8,1,1,0,198.8,N,N,N,N,1-Nov,6.9,7.3,7.1
D,8,3,,,149.6,N,N,N,N,11-Nov,7.5,6.7,7.1
B,5,3,0,0,135.8,N,N,Y,N,8-Nov,7.1,7.1,7.1
B,6,2,1,0,112.1,N,N,N,N,11-Nov,7.2,7,7.1
D,8,,,,96.4,N,N,N,N,30-Nov,7.2,6.9,7.05
B,5,2,2,0,162.9,N,N,N,N,28-Oct,7.3,6.8,7.05
C,2,,,,90.5,N,N,N,N,2-Dec,7,7.1,7.05
D,8,1,1,1,140.2,N,N,N,N,7-Nov,7.1,6.9,7
D,5,,,,108.4,N,N,N,N,14-Nov,7,7,7
D,4,,,,103.5,N,N,N,N,30-Nov,7.6,6.4,7
D,3,,,,101.5,N,N,N,N,8-Nov,7.1,6.9,7
B,8,,,,73.2,N,N,N,N,29-Nov,7.2,6.8,7
A,2,1,1,1,134.7,N,N,N,N,14-Nov,7.2,6.7,6.95
C,8,1,2,0,113.1,N,N,N,N,8-Nov,7,6.9,6.95
B,8,2,0,0,130.7,N,N,N,N,1-Nov,7.1,6.8,6.95
C,2,1,1,0,112.4,N,N,N,N,10-Nov,7.1,6.8,6.95
C,2,2,1,0,88.6,N,N,N,N,10-Nov,6.5,7.3,6.9
C,1,,,,84.3,N,N,N,N,30-Nov,6.8,7,6.9
C,2,3,0,0,76.8,N,N,N,N,7-Nov,7.3,6.5,6.9
A,8,1,1,0,246.8,N,N,N,N,1-Nov,6.8,6.9,6.85
D,8,1,2,0,204.5,N,N,N,N,3-Nov,6.9,6.8,6.85
C,1,,,,162.4,N,N,N,N,26-Nov,6.4,7.3,6.85
B,1,3,0,0,157.4,N,N,N,N,28-Oct,6.9,6.8,6.85
D,7,,,,107.8,N,N,N,N,14-Nov,6.8,6.9,6.85
D,7,,,,92,N,N,Y,N,26-Nov,6.7,7,6.85
B,6,2,0,0,157.4,N,N,N,N,11-Nov,6.9,6.7,6.8
A,2,1,2,,125.6,N,N,N,N,14-Nov,6.9,6.7,6.8
A,4,,,,119.4,N,N,N,N,14-Nov,6.7,6.9,6.8
A,7,,,,147.9,N,N,N,N,29-Nov,6.8,6.8,6.8
A,7,,,,81.5,N,N,N,N,2-Dec,6.8,6.8,6.8
A,4,1,2,,171.5,N,N,Y,N,14-Nov,6.9,6.6,6.75
C,2,2,1,0,103.8,N,N,N,N,8-Nov,6.8,6.7,6.75
B,5,1,1,0,150.05,N,N,N,N,1-Nov,7,6.4,6.7
C,8,,,,125.4,N,N,Y,N,30-Nov,6.5,6.9,6.7
D,4,0,0,0,194.6,N,N,N,N,4-Nov,7.1,6.3,6.7
C,1,,,,159.3,N,N,N,N,29-Nov,6.3,7.1,6.7
C,8,,,,142.5,N,N,Y,N,2-Dec,6.6,6.8,6.7
D,8,2,1,0,140.8,N,N,N,N,1-Nov,6.8,6.6,6.7
C,4,,,,122.1,N,N,N,N,26-Nov,6.8,6.6,6.7
C,1,,,,165.7,N,N,N,N,29-Nov,6.6,6.7,6.65
D,8,3,,,165.4,N,N,N,N,11-Nov,6.7,6.6,6.65
C,5,,,,123.8,N,N,N,N,30-Nov,6.6,6.7,6.65
A,6,2,1,0,114.2,N,N,N,N,10-Nov,6.5,6.8,6.65
B,3,2,0,0,95.7,N,N,N,N,11-Nov,7.2,6.1,6.65
D,8,2,0,0,73.9,N,N,N,N,3-Nov,6.8,6.5,6.65
B,3,,,,55.9,N,N,N,N,29-Nov,6.8,6.5,6.65
B,8,1,1,,138.2,N,N,N,N,10-Nov,6.8,6.4,6.6
B,8,1,2,0,117.7,N,N,N,N,3-Nov,6.9,6.3,6.6
D,3,0,0,0,107.7,N,N,N,N,4-Nov,6.7,6.5,6.6
A,4,,,,99.2,N,N,Y,N,30-Nov,6.7,6.5,6.6
C,2,3,0,0,91.9,N,N,N,N,8-Nov,6.6,6.6,6.6
D,7,,,,56.9,N,N,N,N,11-Nov,6.6,6.6,6.6
D,8,1,2,0,195.6,N,N,N,N,1-Nov,6.7,6.4,6.55
C,1,,,,178.4,N,N,N,N,2-Dec,6.7,6.4,6.55
D,6,,,,127.3,N,N,N,N,26-Nov,6.9,6.2,6.55
C,2,2,,,75.2,N,N,N,N,14-Nov,7.3,5.8,6.55
A,2,1,1,0,184.1,N,N,N,N,7-Nov,6.3,6.7,6.5
D,1,,,,159.1,N,N,N,N,29-Nov,6.7,6.3,6.5
D,7,0,0,0,132.8,N,N,N,N,3-Nov,6.2,6.8,6.5
B,6,1,1,,121.1,N,N,N,N,11-Nov,6.5,6.5,6.5
C,4,4,,,110.5,N,N,N,N,14-Nov,6,7,6.5
A,4,,,,157.3,N,N,N,N,11-Nov,6.5,6.4,6.45
B,6,,,,127.2,N,N,N,N,29-Nov,7,5.9,6.45
D,8,2,0,0,126.2,N,N,N,N,3-Nov,6.5,6.4,6.45
C,8,1,,,95.7,N,N,N,N,14-Nov,6.3,6.6,6.45
D,4,2,1,0,225.7,N,N,N,N,3-Nov,6.6,6.2,6.4
B,8,2,0,0,219.6,N,N,N,N,11-Nov,6.5,6.3,6.4
A,3,,,,137.1,N,N,N,N,29-Nov,5.9,6.9,6.4
C,1,2,0,0,89,N,N,N,N,3-Nov,6.5,6.3,6.4
A,3,,,,311.6,N,N,N,N,26-Nov,6.4,6.3,6.35
B,1,2,0,0,208.4,N,N,N,N,3-Nov,6.2,6.5,6.35
B,5,1,2,0,203,N,N,N,N,3-Nov,6.4,6.3,6.35
B,4,2,0,0,195.3,N,N,N,N,1-Nov,6.5,6.2,6.35
A,2,2,0,0,182.8,N,N,N,N,10-Nov,6.6,6.1,6.35
D,6,2,,,135.7,N,N,N,N,14-Nov,6.2,6.5,6.35
A,4,2,,,130.3,N,N,N,N,14-Nov,6.5,6.2,6.35
A,2,1,2,,116.8,N,N,N,N,14-Nov,5.3,7.4,6.35
D,7,,,,105.6,N,N,N,N,14-Nov,6.2,6.5,6.35
D,6,,,,211.6,N,N,Y,N,11-Nov,6.4,6.2,6.3
A,3,1,1,0,190.4,N,N,N,N,1-Nov,6.4,6.2,6.3
B,5,2,0,0,115.4,N,N,N,N,8-Nov,6.2,6.4,6.3
A,3,2,2,0,140.3,N,N,N,N,11-Nov,6.3,6.3,6.3
D,8,2,0,0,132.4,N,N,N,N,3-Nov,6.3,6.3,6.3
C,1,,,,101.6,N,N,N,N,29-Nov,6.3,6.3,6.3
B,4,1,0,0,83.9,N,N,N,N,11-Nov,6.6,6,6.3
A,2,2,,,80.1,N,N,N,N,14-Nov,6.8,5.8,6.3
D,6,,,,197,N,N,N,N,2-Dec,6.2,6.3,6.25
B,6,2,,,175.2,N,N,N,N,11-Nov,6.2,6.3,6.25
C,5,2,2,.,165.8,N,N,N,N,11-Nov,6,6.5,6.25
A,3,1,1,,154.3,N,N,N,N,14-Nov,6.3,6.2,6.25
D,8,2,0,0,118.4,N,N,N,N,7-Nov,6.3,6.2,6.25
A,2,1,1,1,94.1,N,N,N,N,14-Nov,5.4,7.1,6.25
D,5,,,,55.6,N,N,N,N,14-Nov,6.1,6.4,6.25
D,8,1,1,0,229.3,N,N,N,N,28-Oct,6.7,5.7,6.2
B,8,1,1,0,189.5,N,N,N,N,1-Nov,6.4,6,6.2
B,6,3,,,164.7,N,N,N,N,11-Nov,6,6.4,6.2
D,3,,,,145.9,N,N,Y,N,18-Nov,6.2,6.2,6.2
C,6,,,,100.6,N,N,N,N,2-Dec,6.3,6.1,6.2
B,5,2,1,,82.6,N,N,N,N,14-Nov,6.6,5.8,6.2
B,8,1,1,0,253.3,N,N,N,N,28-Oct,6,6.3,6.15
D,6,,,,184.5,N,N,N,N,29-Nov,6.1,6.2,6.15
D,7,0,0,0,179.4,N,N,N,N,7-Nov,6,6.3,6.15
B,3,,,,160.1,N,N,N,N,14-Nov,6.3,6,6.15
D,2,3,,,136.3,N,N,N,N,11-Nov,6,6.3,6.15
B,5,3,1,0,128,N,N,N,N,10-Nov,6.3,6,6.15
D,7,,,,108.4,N,N,N,N,10-Nov,6,6.3,6.15
B,3,,,,68.7,N,N,N,N,29-Nov,6.1,6.2,6.15
D,1,2,1,0,209.3,N,N,N,N,4-Nov,6.1,6.1,6.1
D,8,2,1,0,190.9,N,N,N,N,1-Nov,5.7,6.5,6.1
C,4,3,0,0,165.8,N,N,N,N,11-Nov,5.9,6.3,6.1
C,2,1,1,0,143.7,N,N,N,N,24-Oct,6,6.2,6.1
C,1,1,,,121.4,N,N,N,N,14-Nov,6.1,6.1,6.1
D,3,,,,111.2,N,N,N,N,14-Nov,6.1,6.1,6.1
A,3,,,,94.6,N,N,N,N,29-Nov,6.1,6.1,6.1
D,4,2,1,,73.3,N,N,N,N,10-Nov,6.3,5.9,6.1
C,2,1,,,55.1,N,N,N,N,11-Nov,6.4,5.8,6.1
D,8,2,0,0,206.7,N,N,N,N,24-Oct,6.1,6,6.05
B,6,2,1,0,199.3,N,N,N,N,1-Nov,6.1,6,6.05
A,3,2,0,0,180.6,N,N,N,N,1-Nov,6.1,6,6.05
A,3,,,,171.5,N,N,N,N,29-Nov,6,6.1,6.05
C,1,1,2,,158.3,N,N,Y,N,14-Nov,6,6.1,6.05
D,7,,,,126.2,N,N,N,N,8-Nov,6.3,5.8,6.05
A,6,0,0,0,126,N,N,N,N,10-Nov,5.5,6.6,6.05
C,2,1,1,0,116.9,N,N,N,N,28-Oct,6,6.1,6.05
C,2,1,,,80.7,N,N,N,N,11-Nov,6,6.1,6.05
D,6,,,,70.2,N,N,N,N,26-Nov,6.1,6,6.05
D,4,2,0,0,155,N,N,N,N,7-Nov,5.9,6.1,6
D,2,,,,131.3,N,N,N,N,26-Nov,6.2,5.8,6
D,7,0,0,0,124.7,N,N,N,N,8-Nov,6.3,5.7,6
C,4,2,1,0,116.5,N,N,N,N,8-Nov,6,6,6
B,8,,,,324.9,N,N,N,Y,24-Oct,6.4,5.5,5.95
A,4,1,1,0,163.6,N,N,N,N,1-Nov,6,5.9,5.95
B,4,2,0,0,159.9,N,N,N,N,1-Nov,6.2,5.7,5.95
C,3,,,,129,N,N,N,N,26-Nov,6.2,5.7,5.95
D,4,0,0,0,109.3,N,N,N,N,11-Nov,5.9,6,5.95
B,3,,,,108.6,N,N,N,N,2-Dec,6,5.9,5.95
B,3,1,1,0,96,N,N,N,N,4-Nov,5.9,6,5.95
A,3,1,1,0,234.5,N,N,N,N,1-Nov,5.8,6.1,5.95
B,2,1,2,2,184.2,N,N,N,N,26-Nov,5.8,6.1,5.95
B,7,1,2,,118,N,N,N,N,14-Nov,6.3,5.6,5.95
D,8,,,,96.5,N,N,N,N,14-Nov,5.8,6.1,5.95
B,6,3,0,0,343.9,N,N,N,N,1-Nov,5.9,5.9,5.9
C,5,,,,168.7,N,N,N,N,30-Nov,5.6,6.2,5.9
A,3,1,2,,112.3,N,N,Y,N,11-Nov,5.6,6.2,5.9
B,3,2,2,0,93,N,N,N,N,11-Nov,5.7,6.1,5.9
A,4,2,,,71.6,N,N,N,N,14-Nov,4.9,6.9,5.9
B,3,1,1,0,250.7,N,N,N,N,1-Nov,6,5.7,5.85
D,4,,,,219.4,N,N,N,N,14-Nov,5.3,6.4,5.85
C,5,1,1,0,217.5,N,N,N,N,1-Nov,5.7,6,5.85
D,4,1,2,0,195,N,N,N,N,4-Nov,6,5.7,5.85
B,2,,,,173.8,N,N,N,N,29-Nov,6.1,5.6,5.85
C,2,2,1,,147.8,N,N,N,N,14-Nov,5.9,5.8,5.85
A,6,1,1,,138.8,N,N,Y,N,10-Nov,5.4,6.3,5.85
A,3,,,,127.9,N,N,N,N,30-Nov,6.1,5.6,5.85
B,7,4,0,0,117.4,N,N,N,N,11-Nov,6,5.7,5.85
D,5,,,,82.8,N,N,N,N,14-Nov,5.7,6,5.85
D,7,,,,139.4,N,N,N,N,14-Nov,5.7,5.9,5.8
D,4,2,1,0,243.6,N,N,N,N,3-Nov,5.8,5.8,5.8
C,4,2,0,0,215.3,N,N,N,N,8-Nov,5.6,6,5.8
C,5,1,2,0,172.5,N,N,N,N,11-Nov,5.6,6,5.8
B,2,,,,114,N,N,N,N,26-Nov,5.8,5.8,5.8
D,8,1,1,0,227.2,N,N,N,N,24-Oct,5.5,6,5.75
D,4,2,0,0,214,N,N,N,N,7-Nov,5.7,5.8,5.75
B,2,,,,174.9,N,N,Y,N,26-Nov,5.5,6,5.75
C,4,2,2,0,158.9,N,N,N,N,10-Nov,6,5.5,5.75
D,5,,,,74,N,N,N,N,14-Nov,5.9,5.6,5.75
C,1,1,1,0,284.7,N,N,N,N,3-Nov,6,5.4,5.7
D,4,1,1,0,225.2,N,N,N,N,1-Nov,5.4,6,5.7
C,5,1,1,0,177.2,N,N,N,N,11-Nov,6,5.4,5.7
A,5,2,1,0,75.4,N,N,N,N,3-Nov,5.5,5.9,5.7
A,6,2,0,0,316.9,N,N,N,N,28-Oct,6.1,5.3,5.7
D,2,,,,133.1,N,N,N,N,30-Nov,5.8,5.6,5.7
C,5,2,1,0,312.4,N,N,N,N,1-Nov,5.5,5.8,5.65
B,3,1,1,,179.6,N,N,Y,N,10-Nov,5.7,5.6,5.65
D,8,2,1,0,172.2,N,N,N,N,3-Nov,5.8,5.5,5.65
B,2,,,,168.5,N,N,N,N,30-Nov,5.5,5.8,5.65
A,3,2,0,0,131.9,N,N,N,N,4-Nov,5.9,5.4,5.65
C,4,1,1,0,125.1,N,N,N,N,4-Nov,5.7,5.6,5.65
B,7,1,1,,123.8,N,N,N,N,14-Nov,5.7,5.6,5.65
D,3,,,,64.8,N,N,N,N,14-Nov,5.8,5.5,5.65
C,1,2,,,206.9,N,N,N,N,14-Nov,5.7,5.5,5.6
C,4,,,,165.8,N,N,N,N,11-Nov,5.5,5.7,5.6
B,3,,,,134.8,N,N,N,N,30-Nov,5.5,5.7,5.6
B,7,3,0,0,146.4,N,N,N,N,7-Nov,5.4,5.7,5.55
B,2,,,,103.3,N,N,N,N,2-Dec,5.7,5.4,5.55
C,5,,,,146.5,N,N,N,N,30-Nov,5.8,5.3,5.55
C,5,1,1,0,369.7,N,N,N,N,3-Nov,5.3,5.8,5.55
C,4,2,0,0,206.1,N,N,N,N,1-Nov,5.5,5.6,5.55
D,8,,,,143.4,N,N,N,N,8-Nov,6.1,5,5.55
C,3,2,,,83.2,N,N,N,N,14-Nov,5.5,5.6,5.55
C,8,1,2,0,280.3,N,N,N,N,8-Nov,6,5,5.5
C,1,1,1,0,257.79,N,N,N,N,3-Nov,5.3,5.7,5.5
D,4,,,,247.5,N,N,Y,N,14-Nov,5.4,5.6,5.5
B,6,3,0,0,238.8,N,N,N,N,3-Nov,5.5,5.5,5.5
D,2,,,,202.4,N,N,N,N,26-Nov,5.3,5.7,5.5
C,3,1,2,0,191.1,N,N,N,N,4-Nov,5.5,5.5,5.5
A,4,1,1,0,173.7,N,N,N,N,3-Nov,5.7,5.3,5.5
A,3,,,,163,N,N,N,N,29-Nov,5.5,5.5,5.5
C,6,2,,,152.5,N,N,N,N,14-Nov,5.5,5.5,5.5
C,1,1,0,0,143.1,N,N,N,N,8-Nov,5.6,5.4,5.5
C,6,,,,142.5,N,N,N,N,29-Nov,5.7,5.3,5.5
C,4,,,,126.7,N,N,Y,N,8-Nov,5.4,5.6,5.5
D,2,,,,170.2,N,N,N,N,14-Nov,5.2,5.7,5.45
A,3,,,,166.2,N,N,N,N,29-Nov,5.4,5.5,5.45
C,1,2,2,0,159.3,N,N,N,N,1-Nov,5.5,5.4,5.45
C,4,0,0,0,159,N,N,N,N,8-Nov,4.9,6,5.45
C,4,2,1,0,136.1,N,N,Y,N,8-Nov,5.4,5.5,5.45
A,2,2,,,125,N,N,N,N,14-Nov,5.2,5.7,5.45
C,8,,,,98.1,N,N,Y,N,14-Nov,5.5,5.4,5.45
C,1,2,0,0,332.2,N,N,N,N,28-Oct,5.6,5.3,5.45
B,2,2,2,0,202.6,N,N,N,N,8-Nov,5.3,5.6,5.45
A,3,2,0,0,159.6,N,N,N,N,7-Nov,5.3,5.6,5.45
D,2,,,,152.4,N,N,N,N,26-Nov,5.3,5.6,5.45
D,4,1,1,0,165.5,N,N,N,N,1-Nov,5.5,5.3,5.4
B,3,2,1,0,134,N,N,N,N,1-Nov,5.6,5.2,5.4
C,3,2,0,0,99.2,N,N,Y,N,8-Nov,5.1,5.7,5.4
B,7,1,2,,90.1,N,N,N,N,14-Nov,5.4,5.4,5.4
D,6,2,0,0,276.6,N,N,N,N,28-Oct,5.5,5.2,5.35
B,7,2,0,0,184,N,N,N,N,1-Nov,5.2,5.5,5.35
C,7,,,,172.9,N,N,N,N,30-Nov,5.5,5.2,5.35
C,2,3,0,0,163.8,N,N,N,N,24-Oct,5.5,5.2,5.35
D,2,2,1,,136.9,N,N,N,N,14-Nov,5.6,5.1,5.35
B,7,,,,99.5,N,N,N,N,30-Nov,6.1,4.6,5.35
A,4,3,0,0,184.4,N,N,N,N,3-Nov,5.2,5.4,5.3
B,2,2,0,0,166.6,N,N,N,N,3-Nov,5.4,5.2,5.3
B,4,3,,,164.1,N,N,N,N,26-Nov,5.4,5.2,5.3
D,4,,,,86.3,N,N,N,N,30-Nov,5.2,5.4,5.3
C,1,2,2,0,209.1,N,N,N,N,3-Nov,5.3,5.3,5.3
D,2,2,1,0,207.6,N,N,N,N,4-Nov,5.5,5.1,5.3
C,2,1,2,0,175,N,N,N,N,1-Nov,5.5,5.1,5.3
D,8,3,,,163.4,N,N,N,N,14-Nov,5.3,5.3,5.3
A,3,2,0,0,143.5,N,N,N,Y,7-Nov,5.1,5.5,5.3
A,7,2,1,0,182.2,N,N,N,N,11-Nov,5.2,5.3,5.25
B,7,,,,152.9,N,N,N,N,11-Nov,5.2,5.3,5.25
B,2,1,1,0,314.3,N,N,N,N,3-Nov,5.2,5.2,5.2
C,2,1,3,0,267.3,N,N,N,N,7-Nov,5.4,5,5.2
D,6,,,,246.3,N,N,N,Y,14-Nov,4.9,5.5,5.2
D,6,,,,182.2,N,N,N,N,8-Nov,5.4,5,5.2
C,1,2,0,0,166.1,N,N,N,N,3-Nov,5.2,5.2,5.2
D,4,1,1,0,238.7,N,N,N,N,10-Nov,5.3,5.1,5.2
B,7,1,1,0,176.9,N,N,N,N,1-Nov,5.6,4.8,5.2
D,2,,,,158.5,N,N,N,N,30-Nov,5.3,5.1,5.2
C,2,2,1,0,209.9,N,N,N,N,8-Nov,4.9,5.4,5.15
A,1,1,,,193.3,N,N,N,N,14-Nov,5.2,5.1,5.15
C,6,,,,175.7,N,N,N,N,14-Nov,5.3,5,5.15
C,5,,,,164.3,N,N,N,N,29-Nov,5.2,5.1,5.15
B,4,1,0,0,136.6,N,N,N,N,11-Nov,5.2,5.1,5.15
B,5,2,,,112.8,N,N,N,N,10-Nov,5.1,5.2,5.15
D,3,,,,92.5,N,N,N,N,10-Nov,5.4,4.9,5.15
A,2,2,,,174.1,N,N,N,N,14-Nov,4.6,5.6,5.1
B,3,1,1,0,151,N,N,N,N,1-Nov,5.3,4.9,5.1
C,3,3,0,0,141.8,N,N,N,N,11-Nov,5.2,5,5.1
B,3,1,1,0,133.1,N,N,N,N,8-Nov,5,5.2,5.1
D,2,2,1,0,131.1,N,N,N,N,7-Nov,5.1,5.1,5.1
D,2,2,0,0,289.2,N,N,N,N,28-Oct,4.9,5.2,5.05
B,2,1,1,0,260.5,N,N,N,N,3-Nov,5.2,4.9,5.05
A,7,2,0,0,259.7,N,N,N,N,28-Oct,5.2,4.9,5.05
C,5,1,1,1,156.6,N,N,N,N,8-Nov,5.4,4.7,5.05
C,7,2,2,0,137.4,N,N,N,N,11-Nov,5.4,4.7,5.05
B,7,3,0,0,135.1,N,N,N,N,1-Nov,5.2,4.9,5.05
B,6,,,,204.2,N,N,N,N,29-Nov,5.3,4.8,5.05
D,2,3,0,0,149.5,N,N,N,N,4-Nov,5,5.1,5.05
D,5,,,,90.9,N,N,N,Y,14-Nov,3.9,6.2,5.05
C,8,,,,61.4,N,N,N,N,14-Nov,4.8,5.3,5.05
A,7,1,2,0,310.7,N,N,N,N,1-Nov,4.9,5.1,5
C,6,1,1,0,237.1,N,N,N,N,7-Nov,4.9,5.1,5
A,1,3,1,0,174.3,N,N,N,N,7-Nov,5.2,4.8,5
B,4,,,,172,N,N,N,N,29-Nov,5.1,4.9,5
B,4,1,1,0,143.9,N,N,N,N,11-Nov,4.9,5.1,5
C,8,2,0,0,121.1,N,N,N,N,10-Nov,4.9,5.1,5
D,2,1,0,0,117.9,N,N,N,N,7-Nov,4.9,5.1,5
D,2,3,,,171.4,N,N,N,N,11-Nov,5.2,4.7,4.95
D,4,,,,143.8,N,N,N,N,14-Nov,4.8,5.1,4.95
A,7,1,1,0,305.5,N,N,N,N,3-Nov,4.8,5,4.9
C,3,2,0,0,284.3,N,N,N,N,24-Oct,4.9,4.9,4.9
B,2,2,0,0,253.2,N,N,N,Y,1-Nov,5.1,4.7,4.9
A,5,1,0,0,171.3,N,N,N,N,11-Nov,4.9,4.9,4.9
C,6,,,,163.1,N,N,N,N,11-Nov,4.7,5.1,4.9
C,3,2,0,0,143.4,N,N,N,N,1-Nov,5.1,4.7,4.9
B,7,1,1,0,115,N,N,N,N,8-Nov,4.7,5.1,4.9
C,2,3,,,92.9,N,N,N,N,14-Nov,4.8,5,4.9
B,7,3,,,81.8,N,N,N,N,14-Nov,4.9,4.9,4.9
A,1,,,,216.7,N,N,N,N,29-Nov,4.6,5.1,4.85
A,5,,,,171.4,N,N,N,N,26-Nov,4.8,4.9,4.85
C,2,,,,136.6,N,N,N,N,26-Nov,4.7,5,4.85
A,7,,,,131.2,N,N,N,N,30-Nov,4.9,4.8,4.85
B,4,,,,107,N,Y,N,N,29-Nov,4.9,4.8,4.85
B,2,,,,162.4,N,N,N,N,29-Nov,4.4,5.2,4.8
A,8,1,,,149.6,N,N,N,N,14-Nov,4.9,4.7,4.8
A,5,1,1,0,145.6,N,N,N,Y,24-Oct,4.7,4.9,4.8
A,5,,,,128.8,N,N,N,N,26-Nov,4.9,4.7,4.8
B,6,,,,110.3,N,N,N,N,30-Nov,4.9,4.7,4.8
B,4,5,1,0,273.6,N,N,N,N,28-Oct,4.3,5.3,4.8
A,7,2,0,0,256.6,N,N,N,N,28-Oct,5,4.6,4.8
B,4,2,1,,192.4,N,N,N,N,18-Nov,4.8,4.8,4.8
A,7,2,1,0,181.6,N,N,N,N,3-Nov,5.3,4.3,4.8
A,1,1,1,0,134.8,N,N,N,N,11-Nov,5.3,4.3,4.8
D,2,1,2,0,231,N,N,N,N,8-Nov,4.8,4.7,4.75
D,8,,,,203,N,N,N,N,14-Nov,5.3,4.2,4.75
A,4,,,,170,N,N,Y,N,26-Nov,4.7,4.8,4.75
B,6,2,1,,141.7,N,N,N,N,10-Nov,4.9,4.6,4.75
C,7,,,,108.2,N,N,N,N,30-Nov,4.7,4.8,4.75
C,2,2,1,,86.7,N,N,N,N,14-Nov,4.8,4.7,4.75
B,4,1,1,0,245.2,N,N,N,N,8-Nov,4.4,5,4.7
B,4,2,0,0,185,N,N,N,N,7-Nov,4.7,4.7,4.7
C,2,,,,78.5,N,N,N,N,30-Nov,5,4.4,4.7
C,4,2,0,0,156.1,N,N,N,N,8-Nov,4.8,4.6,4.7
A,7,2,1,0,104.7,N,N,N,N,7-Nov,5.3,4.1,4.7
B,7,3,0,0,104.6,N,N,N,N,8-Nov,5.1,4.3,4.7
A,1,1,1,0,241.4,N,N,N,N,7-Nov,4.8,4.5,4.65
A,5,1,1,0,309.8,N,N,N,N,1-Nov,4.6,4.6,4.6
D,2,1,1,0,231.8,N,N,N,N,8-Nov,4.9,4.3,4.6
B,4,2,1,,231.5,N,N,N,N,10-Nov,4.6,4.6,4.6
B,3,1,1,0,149.2,N,N,N,N,10-Nov,5,4.2,4.6
B,4,,,,147.7,N,N,N,N,26-Nov,4.6,4.6,4.6
A,7,,,,108.7,N,N,N,N,26-Nov,4.3,4.9,4.6
C,4,1,2,,166.9,N,N,N,N,14-Nov,4.4,4.7,4.55
C,7,,,,98.8,N,N,N,N,30-Nov,4.2,4.9,4.55
A,5,2,,,199.7,N,N,N,N,14-Nov,4.6,4.5,4.55
A,1,1,2,,183.9,N,N,N,N,10-Nov,4.5,4.6,4.55
C,2,,,,126.9,N,N,N,N,29-Nov,4.8,4.3,4.55
B,4,1,1,,100.7,N,N,N,N,30-Nov,4.8,4.3,4.55
D,2,1,1,0,214.3,N,N,N,N,8-Nov,4.7,4.3,4.5
B,6,,,,143.2,N,N,N,N,30-Nov,4.7,4.3,4.5
A,7,,,,133.3,N,N,N,N,26-Nov,4.7,4.3,4.5
B,4,2,1,0,132.4,N,N,N,N,7-Nov,4.6,4.4,4.5
D,3,,,,84.2,N,N,N,N,30-Nov,4.9,4.1,4.5
A,4,,,,192.5,N,N,Y,N,29-Nov,4.5,4.4,4.45
A,7,,,,190.7,N,N,N,N,29-Nov,4.4,4.5,4.45
D,6,,,,158.8,N,N,Y,N,8-Nov,5.1,3.8,4.45
B,4,2,0,0,254.4,N,N,N,N,3-Nov,4.4,4.4,4.4
D,6,,,,210.9,N,N,N,N,14-Nov,4.8,4,4.4
C,7,1,1,,198.6,N,N,N,N,10-Nov,4.4,4.4,4.4
C,2,,,,119.5,N,N,N,N,18-Nov,4,4.8,4.4
C,7,1,2,0,114.4,N,N,N,N,7-Nov,4.4,4.4,4.4
C,7,1,2,0,130,N,N,N,N,7-Nov,4.5,4.2,4.35
A,5,2,1,,118.8,N,N,Y,N,26-Nov,4.4,4.2,4.3
A,4,1,1,0,244.7,N,N,N,N,4-Nov,4.3,4.3,4.3
A,3,1,2,,215.1,N,N,N,N,14-Nov,4.6,4,4.3
C,7,2,1,0,166.8,N,N,N,N,11-Nov,4.3,4.3,4.3
C,7,,,,133.9,N,N,N,N,30-Nov,4.3,4.3,4.3
C,7,,,,84.1,N,N,N,N,18-Nov,4.3,4.3,4.3
A,1,1,1,0,281,N,N,N,N,8-Nov,4.3,4.2,4.25
C,7,1,2,0,203.7,N,N,N,N,3-Nov,4.5,4,4.25
C,7,1,1,1,167.6,N,N,N,N,4-Nov,4,4.5,4.25
D,6,2,,,156.9,N,N,N,N,14-Nov,4.3,4.2,4.25
A,4,1,1,0,142.3,N,N,N,N,4-Nov,4,4.4,4.2
C,4,2,,,116,N,N,N,N,14-Nov,4.4,4,4.2
C,7,1,2,0,96,N,N,N,N,3-Nov,3.7,4.7,4.2
C,2,,,,55.1,N,N,N,N,14-Nov,8.4,,4.2
C,7,,,,159.9,N,N,N,N,30-Nov,4.1,4.3,4.2
C,4,2,0,0,121.3,N,N,N,N,10-Nov,4.1,4.3,4.2
A,8,2,,,139.1,N,N,N,N,14-Nov,4.3,4,4.15
C,7,1,1,0,203.3,N,N,N,N,24-Oct,3.7,4.5,4.1
A,1,3,0,0,263.1,N,N,N,N,3-Nov,4.2,3.9,4.05
D,6,0,0,0,211.2,N,N,N,N,10-Nov,4.3,3.8,4.05
C,4,2,0,0,202.9,N,N,N,N,10-Nov,3.8,4.3,4.05
D,2,1,2,0,172.7,N,N,N,N,10-Nov,3.9,4.2,4.05
C,7,3,,,134,N,N,N,N,14-Nov,3.5,4.6,4.05
C,2,,,,109.1,N,N,N,N,29-Nov,3.3,4.8,4.05
C,3,,,,188.5,N,N,N,N,14-Nov,3.9,4.1,4
C,7,2,1,0,183.5,N,N,N,N,3-Nov,4.4,3.5,3.95
A,4,1,1,0,257.6,N,N,N,N,4-Nov,4.1,3.8,3.95
B,2,2,,,121.1,N,N,N,N,14-Nov,4.2,3.6,3.9
D,2,2,,,182.3,N,N,N,N,10-Nov,3.9,3.9,3.9
A,7,,,,148.1,N,N,N,N,29-Nov,3.7,4.1,3.9
A,5,2,1,,137,N,N,N,N,18-Nov,3.7,4.1,3.9
C,5,1,0,0,202.1,N,N,N,N,14-Nov,4,3.7,3.85
B,4,2,0,0,240.4,N,N,N,N,8-Nov,4.5,3.1,3.8
D,3,,,,70.5,N,N,Y,N,2-Dec,7.5,,3.75
A,1,3,1,0,241.5,N,N,N,N,8-Nov,3.9,3.5,3.7
C,7,2,1,0,216.7,N,N,N,N,3-Nov,3.7,3.7,3.7
D,2,1,,,169.3,N,N,N,N,10-Nov,3.8,3.6,3.7
C,7,,,,93.5,N,N,N,N,29-Nov,3.8,3.5,3.65
B,4,3,0,,329.4,N,N,N,Y,10-Nov,3.6,3.6,3.6
C,3,1,,,161.2,N,N,N,N,14-Nov,3.6,3.6,3.6
A,3,1,0,0,185.8,N,N,Y,N,10-Nov,3.3,3.9,3.6
C,1,1,0,0,169.1,N,N,N,N,10-Nov,3.1,4.1,3.6
B,2,,,,163.2,N,N,N,N,26-Nov,7.1,,3.55
C,1,,,,97.2,N,N,Y,N,2-Dec,7.1,,3.55
D,6,,,,186,N,N,N,N,14-Nov,3.5,3.4,3.45
D,6,,,,166.1,N,N,N,N,14-Nov,3.6,3.2,3.4
C,7,2,,,149.7,N,N,Y,N,14-Nov,2.3,4.4,3.35
A,7,1,1,,203.6,N,N,N,N,10-Nov,3.5,3,3.25
C,5,,,,106.2,N,N,Y,N,2-Dec,6.5,,3.25
C,3,,,,155.2,N,N,N,N,29-Nov,6.4,,3.2
C,7,2,,,119.8,N,N,N,N,14-Nov,3,2.9,2.95
B,7,,,,109.8,N,N,Y,N,29-Nov,5.9,,2.95
A,4,1,1,,151.5,N,N,N,N,10-Nov,5.4,,2.7
B,3,,,,53.2,N,N,N,N,14-Nov,5.1,,2.55
C,2,,,,78,N,N,N,N,26-Nov,4.2,,2.1
C,2,,,,135.2,N,N,Y,N,29-Nov,3.8,,1.9
C,2,,,,239.8,N,N,N,N,25-Dec,,,0
A,1,,,,239.6,N,N,N,N,8-Dec,,,0
A,1,,,,232.3,N,N,Y,N,15-Dec,,,0
B,2,,,,228.3,N,N,N,N,25-Dec,,,0
A,1,,,,225.7,N,N,N,N,28-Dec,,,0
C,5,2,0,0,217.1,N,Y,N,N,24-Oct,,,0
B,2,,,,211.4,N,N,Y,N,5-Dec,,,0
B,2,,,,208.2,N,N,N,N,5-Dec,,,0
A,5,,,,204.2,N,N,N,N,8-Dec,,,0
C,7,,,,196.9,N,N,N,N,28-Dec,,,0
A,1,,,,192.1,N,N,N,N,25-Dec,,,0
B,4,,,,188.1,N,N,N,N,8-Dec,,,0
B,7,,,,186.7,N,N,N,Y,24-Oct,,,0
D,6,,,,186.2,N,N,N,N,15-Dec,,,0
A,3,,,,185.7,N,N,Y,N,29-Nov,,,0
A,3,,,,184.7,N,N,N,N,25-Dec,,,0
A,3,,,,182.1,N,N,N,N,15-Dec,,,0
B,6,,,,180.9,N,N,Y,N,15-Dec,,,0
A,7,,,,180,N,N,N,N,28-Dec,,,0
B,1,,,,176.7,N,N,N,N,15-Dec,,,0
C,3,,,,176.1,N,N,N,N,25-Dec,,,0
B,7,,,,175.1,N,N,Y,N,15-Dec,,,0
A,5,,,,174.9,N,N,N,N,15-Dec,,,0
C,7,,,,173.5,N,N,N,N,25-Dec,,,0
B,4,,,,172.6,N,N,N,N,15-Dec,,,0
A,3,,,,172,N,N,N,N,25-Dec,,,0
A,5,,,,171.7,N,N,N,N,5-Dec,,,0
C,3,,,,170,N,N,N,N,25-Dec,,,0
A,1,,,,169.2,N,N,N,N,15-Dec,,,0
D,6,,,,168.2,N,N,N,N,10-Dec,,,0
B,4,,,,168,N,N,N,N,15-Dec,,,0
A,3,,,,167.7,N,N,N,N,15-Dec,,,0
B,2,,,,166.7,N,N,N,N,25-Dec,,,0
D,6,,,,166.6,N,N,N,N,25-Dec,,,0
C,6,,,,164.7,N,N,N,N,8-Dec,,,0
A,3,,,,164,N,N,N,N,8-Dec,,,0
C,3,,,,163,N,N,Y,N,5-Dec,,,0
D,6,,,,162.3,N,N,Y,N,5-Dec,,,0
B,4,,,,162.3,N,N,N,N,25-Dec,,,0
A,3,,,,161.9,N,N,N,N,25-Dec,,,0
A,7,,,,161.8,N,N,N,N,15-Dec,,,0
C,7,,,,161.3,N,N,N,N,28-Dec,,,0
C,7,,,,158.5,N,N,N,N,15-Dec,,,0
C,5,,,,156.7,N,N,Y,N,10-Dec,,,0
C,3,,,,155.8,N,N,Y,N,5-Dec,,,0
B,4,,,,155.2,N,N,Y,N,5-Dec,,,0
A,5,,,,154.2,N,N,N,N,5-Dec,,,0
A,1,,,,151.7,N,N,N,N,28-Dec,,,0
C,7,,,,151.7,N,N,N,N,28-Dec,,,0
A,7,,,,151.1,N,N,N,N,15-Dec,,,0
C,3,,,,149.5,N,N,N,N,5-Dec,,,0
A,3,,,,148.8,N,N,Y,N,10-Dec,,,0
D,2,,,,148.8,N,N,N,N,15-Dec,,,0
D,8,,,,148.3,N,N,N,N,15-Dec,,,0
C,7,,,,147.8,N,N,N,N,25-Dec,,,0
C,3,,,,147.4,N,N,N,N,8-Dec,,,0
A,3,,,,147.2,N,N,N,N,8-Dec,,,0
A,7,,,,147.1,N,N,N,N,8-Dec,,,0
A,1,,,,146.8,N,N,N,N,28-Dec,,,0
A,3,,,,145.6,N,N,N,N,25-Dec,,,0
C,3,,,,145.4,N,N,N,N,25-Dec,,,0
D,2,,,,144.6,N,N,N,N,28-Dec,,,0
B,4,,,,144.4,N,N,N,N,25-Dec,,,0
C,7,,,,143.8,N,N,N,N,28-Dec,,,0
C,5,,,,142.2,N,N,Y,N,10-Dec,,,0
A,1,,,,141.9,N,N,N,N,25-Dec,,,0
A,3,,,,141,N,N,N,N,28-Dec,,,0
A,7,,,,140.9,N,N,N,N,25-Dec,,,0
B,4,,,,140.5,N,N,N,N,25-Dec,,,0
C,5,,,,139.8,N,N,N,N,10-Dec,,,0
B,4,,,,139.8,N,N,N,N,25-Dec,,,0
A,3,,,,139.5,N,N,N,N,28-Dec,,,0
B,6,,,,139.3,N,N,N,N,8-Dec,,,0
B,6,,,,139.1,N,N,N,N,8-Dec,,,0
B,4,,,,138.3,N,N,N,N,5-Dec,,,0
A,7,,,,138.2,N,N,N,N,5-Dec,,,0
A,7,,,,138.2,N,N,N,N,8-Dec,,,0
D,2,,,,137.6,N,N,N,N,25-Dec,,,0
A,3,,,,135,N,N,N,N,25-Dec,,,0
B,4,,,,134.5,N,N,N,N,28-Dec,,,0
D,2,,,,134.3,N,N,N,N,15-Dec,,,0
B,4,,,,134,N,N,N,N,15-Dec,,,0
D,6,,,,133.8,N,N,N,N,10-Dec,,,0
D,7,,,,133.3,N,N,Y,N,10-Dec,,,0
B,8,,,,132.3,N,N,N,N,5-Dec,,,0
B,4,,,,132.1,N,N,N,N,8-Dec,,,0
B,4,,,,131.9,N,N,N,N,8-Dec,,,0
D,6,,,,130.1,N,N,Y,N,25-Dec,,,0
B,3,,,,130,N,N,N,N,28-Dec,,,0
A,3,,,,129.6,N,N,N,N,15-Dec,,,0
A,2,,,,129.6,N,N,N,N,25-Dec,,,0
A,3,,,,128.8,N,N,N,N,28-Dec,,,0
C,5,,,,128.2,N,N,N,N,25-Dec,,,0
D,4,,,,127.8,N,N,N,N,15-Dec,,,0
B,4,,,,127.6,N,N,N,N,25-Dec,,,0
D,6,,,,127.4,N,N,N,N,25-Dec,,,0
B,2,,,,127.1,N,N,N,N,28-Dec,,,0
D,2,,,,126.6,N,N,Y,N,10-Dec,,,0
B,4,,,,125.9,N,N,N,N,8-Dec,,,0
A,7,,,,125.5,N,N,N,N,8-Dec,,,0
A,5,,,,125.2,N,N,N,N,5-Dec,,,0
A,5,,,,125,N,N,Y,N,8-Dec,,,0
C,3,,,,124.9,N,N,N,N,25-Dec,,,0
C,5,,,,124.1,N,N,N,N,25-Dec,,,0
A,3,,,,124,N,N,N,N,8-Dec,,,0
C,3,,,,123.6,N,N,N,N,28-Dec,,,0
D,4,,,,123.5,N,N,N,N,8-Dec,,,0
D,6,,,,123.5,N,N,N,N,25-Dec,,,0
A,2,,,,123.5,N,N,N,N,25-Dec,,,0
B,4,,,,123,N,N,N,N,28-Dec,,,0
B,8,,,,122.6,N,N,N,N,8-Dec,,,0
D,6,,,,122.6,N,N,N,N,25-Dec,,,0
B,4,,,,122.4,N,N,N,N,25-Dec,,,0
D,5,,,,121.8,N,N,N,N,25-Dec,,,0
D,4,,,,121.8,N,N,N,N,25-Dec,,,0
A,5,,,,121.4,N,N,N,N,15-Dec,,,0
C,3,,,,121.2,N,N,N,N,5-Dec,,,0
A,3,,,,120.9,N,N,N,N,15-Dec,,,0
C,7,,,,120.7,N,Y,Y,N,5-Dec,,,0
D,8,,,,119.2,N,N,N,N,25-Dec,,,0
C,1,,,,119.2,N,N,N,N,28-Dec,,,0
C,3,,,,119,N,N,N,N,25-Dec,,,0
B,4,,,,119,N,N,N,N,28-Dec,,,0
A,5,,,,118.8,N,N,N,N,15-Dec,,,0
B,4,,,,118.6,N,N,N,N,15-Dec,,,0
D,4,,,,118.6,N,N,N,N,25-Dec,,,0
B,6,,,,116.8,N,N,N,N,8-Dec,,,0
B,6,,,,115.9,N,N,N,N,10-Dec,,,0
A,7,,,,115.9,N,N,N,N,25-Dec,,,0
C,1,,,,115.7,N,N,N,N,15-Dec,,,0
B,6,,,,115.4,N,N,N,N,8-Dec,,,0
D,2,,,,115.3,N,N,N,N,15-Dec,,,0
A,3,,,,114.3,N,N,N,N,25-Dec,,,0
B,4,,,,114.2,N,N,N,N,8-Dec,,,0
C,4,,,,114.2,N,N,N,N,25-Dec,,,0
A,5,,,,114.2,N,N,N,N,28-Dec,,,0
D,6,,,,114.1,N,N,N,N,25-Dec,,,0
A,3,,,,113.7,N,N,Y,N,5-Dec,,,0
D,2,,,,113.7,N,N,N,N,25-Dec,,,0
A,8,,,,113.6,N,N,N,N,28-Dec,,,0
D,2,,,,113.6,N,N,N,N,28-Dec,,,0
D,2,,,,113.1,N,N,N,N,15-Dec,,,0
D,2,,,,112.9,N,N,N,N,15-Dec,,,0
A,1,,,,112.5,N,N,N,N,5-Dec,,,0
D,2,,,,112,N,N,N,N,8-Dec,,,0
C,2,,,,111.8,N,N,N,N,25-Dec,,,0
D,2,,,,111.8,N,N,N,N,25-Dec,,,0
D,1,,,,111.7,N,N,N,N,28-Dec,,,0
C,1,,,,111.4,N,N,Y,N,15-Dec,,,0
D,7,,,,111.1,N,N,N,N,25-Dec,,,0
C,5,,,,110.7,N,N,Y,N,10-Dec,,,0
B,8,,,,110.3,N,N,N,N,28-Dec,,,0
B,3,,,,109.5,N,N,N,N,28-Dec,,,0
D,1,,,,109.4,N,N,N,N,25-Dec,,,0
C,7,,,,109.3,N,N,N,N,28-Dec,,,0
A,4,,,,109.1,N,N,N,N,25-Dec,,,0
D,2,,,,109,N,N,N,N,25-Dec,,,0
D,8,,,,108.5,N,N,N,N,10-Dec,,,0
D,6,,,,107.8,N,N,N,N,25-Dec,,,0
C,5,,,,107.6,N,N,N,N,28-Dec,,,0
B,3,,,,107.4,N,N,N,N,28-Dec,,,0
D,8,,,,107.2,N,N,N,N,25-Dec,,,0
B,6,,,,106.9,N,N,Y,N,15-Dec,,,0
A,3,,,,106.7,N,N,N,N,25-Dec,,,0
D,1,,,,106.5,N,N,N,N,25-Dec,,,0
D,4,,,,105.8,N,N,N,N,15-Dec,,,0
A,2,,,,105.5,N,N,N,N,15-Dec,,,0
B,2,,,,105.3,N,N,N,N,28-Dec,,,0
B,6,,,,105.1,N,N,N,N,28-Dec,,,0
C,5,,,,104.3,N,N,Y,N,25-Dec,,,0
D,4,,,,103.5,N,N,Y,N,25-Dec,,,0
D,6,,,,103.4,N,N,N,N,25-Dec,,,0
B,8,,,,103,N,N,N,N,8-Dec,,,0
D,1,,,,102.1,N,N,N,N,15-Dec,,,0
D,4,,,,101.8,N,Y,Y,N,5-Dec,,,0
C,1,,,,101.7,N,N,N,N,15-Dec,,,0
C,5,,,,101.6,N,N,Y,N,25-Dec,,,0
C,3,,,,101.6,N,N,N,N,28-Dec,,,0
A,3,,,,101.2,N,N,N,N,28-Dec,,,0
C,5,,,,101.1,N,N,N,N,25-Dec,,,0
D,2,,,,100.7,N,N,N,N,25-Dec,,,0
A,5,,,,100.5,N,N,N,N,25-Dec,,,0
A,3,,,,100.1,N,N,N,N,28-Dec,,,0
C,1,,,,99.9,N,N,N,N,25-Dec,,,0
C,7,,,,99.7,N,N,N,N,28-Dec,,,0
B,4,,,,99.4,N,N,N,N,25-Dec,,,0
C,4,,,,99.3,N,N,N,N,25-Dec,,,0
D,2,,,,98.9,N,N,N,N,25-Dec,,,0
A,4,,,,98.7,N,N,N,N,15-Dec,,,0
D,8,,,,98.7,N,N,N,N,15-Dec,,,0
A,3,,,,98.6,N,N,N,N,8-Dec,,,0
D,1,,,,98.4,N,N,N,N,25-Dec,,,0
D,8,,,,98.2,N,N,N,N,25-Dec,,,0
A,3,,,,97.6,N,N,N,N,15-Dec,,,0
D,8,,,,97.5,N,N,N,N,8-Dec,,,0
A,5,,,,97.5,N,N,N,N,15-Dec,,,0
A,8,,,,97.4,N,N,N,N,25-Dec,,,0
C,2,,,,97.4,N,N,N,N,28-Dec,,,0
B,4,,,,97.2,N,N,N,N,28-Dec,,,0
C,1,,,,97.1,N,N,N,N,25-Dec,,,0
A,7,,,,97,N,N,N,N,8-Dec,,,0
C,5,,,,97,N,N,N,N,25-Dec,,,0
B,8,,,,96.9,N,N,N,N,5-Dec,,,0
B,5,,,,96.9,N,N,N,N,15-Dec,,,0
D,8,,,,96.9,N,N,N,N,25-Dec,,,0
C,3,,,,96.9,N,N,N,N,28-Dec,,,0
C,5,,,,96.4,N,N,N,N,25-Dec,,,0
C,3,,,,96.3,N,N,N,N,25-Dec,,,0
D,7,,,,96.2,N,N,N,N,25-Dec,,,0
C,4,,,,95.3,N,N,N,N,25-Dec,,,0
C,4,,,,95.2,N,N,N,N,25-Dec,,,0
D,4,,,,95,N,N,N,N,25-Dec,,,0
B,6,,,,94.9,N,N,N,N,15-Dec,,,0
B,7,,,,94.7,N,N,N,N,25-Dec,,,0
A,4,,,,94.2,N,N,N,N,25-Dec,,,0
A,3,,,,94,N,N,N,N,28-Dec,,,0
C,1,,,,93.7,N,N,N,N,25-Dec,,,0
D,4,,,,93.4,N,N,N,N,8-Dec,,,0
B,5,,,,93.3,N,N,N,N,25-Dec,,,0
B,6,,,,93.3,N,N,N,N,28-Dec,,,0
B,6,,,,93.3,N,N,N,N,28-Dec,,,0
B,2,,,,92.8,N,N,N,N,15-Dec,,,0
B,5,1,2,0,92.3,N,N,N,N,8-Nov,,,0
B,6,,,,92,N,N,N,N,28-Dec,,,0
B,2,,,,92,N,N,N,N,28-Dec,,,0
B,6,,,,91.2,N,N,N,N,25-Dec,,,0
C,5,,,,91,N,N,Y,N,15-Dec,,,0
D,7,,,,90.9,N,N,N,N,25-Dec,,,0
C,5,,,,90.8,N,N,N,N,25-Dec,,,0
C,8,,,,90,N,N,N,N,8-Dec,,,0
D,2,,,,90,N,N,N,N,28-Dec,,,0
D,8,,,,89.9,N,N,N,N,15-Dec,,,0
B,4,,,,89.6,N,N,N,N,15-Dec,,,0
D,8,,,,89,N,N,N,N,25-Dec,,,0
D,1,,,,88.8,N,N,N,N,25-Dec,,,0
D,6,,,,88.5,N,N,N,N,8-Dec,,,0
D,2,,,,88.5,N,N,N,N,25-Dec,,,0
C,1,,,,88.5,N,N,N,N,25-Dec,,,0
C,5,,,,88.2,N,N,N,N,8-Dec,,,0
B,2,,,,88.1,N,N,N,N,25-Dec,,,0
D,4,,,,88.1,N,N,N,N,28-Dec,,,0
C,1,,,,87.9,N,N,N,N,28-Dec,,,0
C,1,,,,87.3,N,N,N,N,28-Dec,,,0
C,1,,,,87.2,N,N,N,N,28-Dec,,,0
B,6,,,,87.1,N,N,N,N,15-Dec,,,0
B,1,,,,87.1,N,N,N,N,25-Dec,,,0
B,8,,,,87,N,N,Y,N,8-Dec,,,0
C,7,,,,86.7,N,N,N,Y,15-Dec,,,0
D,8,,,,85.7,N,N,N,N,28-Dec,,,0
D,8,,,,85.6,N,N,N,N,28-Dec,,,0
C,1,,,,85.5,N,N,N,N,15-Dec,,,0
A,2,,,,85.5,N,N,N,N,28-Dec,,,0
A,8,,,,85.3,N,N,N,N,25-Dec,,,0
D,8,,,,85.2,N,N,N,N,8-Dec,,,0
B,8,,,,85.2,N,N,N,N,15-Dec,,,0
A,5,,,,85,N,N,N,N,25-Dec,,,0
D,6,,,,85,N,N,N,N,25-Dec,,,0
D,4,,,,84.8,N,N,N,N,25-Dec,,,0
D,6,,,,84.7,N,N,N,N,25-Dec,,,0
D,8,,,,84.4,N,N,N,N,5-Dec,,,0
B,6,,,,84,N,N,N,N,28-Dec,,,0
D,4,,,,83.9,N,N,N,N,25-Dec,,,0
A,8,,,,83.6,N,N,N,N,25-Dec,,,0
B,6,,,,83.6,N,N,N,N,25-Dec,,,0
C,2,,,,83.4,N,N,N,N,28-Dec,,,0
C,4,,,,83.3,N,N,N,N,15-Dec,,,0
B,1,,,,83.3,N,N,N,N,25-Dec,,,0
B,1,,,,83.2,N,N,N,N,8-Dec,,,0
C,2,,,,83,N,N,N,N,25-Dec,,,0
C,1,,,,82.9,N,N,N,N,25-Dec,,,0
D,4,,,,82.7,N,N,N,N,15-Dec,,,0
B,5,,,,82.6,N,N,N,N,8-Dec,,,0
C,8,,,,82.2,N,N,N,N,10-Dec,,,0
D,6,,,,82.1,N,N,N,N,25-Dec,,,0
D,5,,,,82.1,N,N,N,N,25-Dec,,,0
D,2,,,,82,N,N,N,N,25-Dec,,,0
D,8,,,,81.9,N,N,N,N,25-Dec,,,0
D,6,,,,81.4,N,N,Y,N,25-Dec,,,0
D,4,,,,81.4,N,N,N,N,25-Dec,,,0
D,4,,,,81.2,N,N,N,N,25-Dec,,,0
D,8,,,,80.7,N,N,N,N,25-Dec,,,0
D,1,,,,80.7,N,N,N,N,25-Dec,,,0
C,1,,,,80.6,N,N,N,N,25-Dec,,,0
B,6,,,,80.5,N,N,N,N,25-Dec,,,0
C,4,,,,80.4,N,N,N,N,25-Dec,,,0
B,5,,,,80.3,N,N,N,N,25-Dec,,,0
B,1,,,,80.3,N,N,N,N,25-Dec,,,0
C,1,,,,80,N,N,N,N,25-Dec,,,0
B,7,,,,79.9,N,N,N,N,5-Dec,,,0
B,1,,,,79.9,N,N,N,N,25-Dec,,,0
C,3,,,,79.9,N,N,N,N,25-Dec,,,0
B,4,,,,79.8,N,N,N,N,25-Dec,,,0
A,8,,,,79.6,N,N,N,N,15-Dec,,,0
C,1,,,,79.6,N,N,N,N,28-Dec,,,0
B,5,,,,79.3,N,N,N,N,5-Dec,,,0
D,5,,,,79.3,N,N,N,N,25-Dec,,,0
C,4,,,,79.3,N,N,N,N,28-Dec,,,0
B,8,,,,78.9,N,N,N,N,25-Dec,,,0
C,7,,,,78.9,N,N,Y,N,25-Dec,,,0
D,8,,,,78.9,N,N,N,N,25-Dec,,,0
D,5,,,,78.8,N,N,N,N,25-Dec,,,0
D,1,,,,78.4,N,N,N,N,25-Dec,,,0
A,7,,,,78.3,N,N,N,N,25-Dec,,,0
B,4,,,,78.3,N,N,N,Y,25-Dec,,,0
D,5,,,,78.2,N,N,N,N,25-Dec,,,0
C,1,,,,78.2,N,N,N,N,25-Dec,,,0
A,6,,,,78.1,N,N,Y,N,15-Dec,,,0
C,4,,,,78.1,N,N,N,N,28-Dec,,,0
C,1,,,,77.6,N,N,N,N,25-Dec,,,0
A,4,,,,77.5,N,N,N,N,15-Dec,,,0
B,2,,,,77.4,N,N,N,N,8-Dec,,,0
A,2,,,,77.4,N,N,N,N,25-Dec,,,0
D,6,,,,77.3,N,N,N,N,15-Dec,,,0
A,6,,,,77.3,N,N,N,N,25-Dec,,,0
B,8,,,,77.2,N,N,N,N,5-Dec,,,0
B,6,,,,77,N,N,N,N,15-Dec,,,0
D,5,,,,77,N,N,N,N,25-Dec,,,0
B,2,,,,76.7,N,N,N,N,25-Dec,,,0
B,1,,,,76.5,N,N,N,N,15-Dec,,,0
B,6,,,,76.1,N,N,N,N,25-Dec,,,0
D,8,,,,75.9,N,N,N,N,28-Dec,,,0
A,6,,,,75.8,N,N,N,N,25-Dec,,,0
D,1,,,,75.8,N,N,N,N,28-Dec,,,0
A,6,,,,75.7,N,N,N,N,28-Dec,,,0
C,5,,,,75.6,N,N,N,N,25-Dec,,,0
C,1,,,,74.8,N,N,N,N,28-Dec,,,0
B,2,,,,74.7,N,N,N,N,8-Dec,,,0
B,8,,,,74.7,N,N,N,N,15-Dec,,,0
B,6,,,,74.6,N,N,N,N,8-Dec,,,0
B,1,,,,74.2,N,N,N,N,25-Dec,,,0
C,2,,,,74.1,N,N,N,N,8-Dec,,,0
D,8,,,,73.9,N,N,N,N,25-Dec,,,0
D,1,,,,73.8,N,N,N,N,25-Dec,,,0
A,8,,,,73.7,N,N,N,N,25-Dec,,,0
D,1,,,,73.7,N,N,N,N,25-Dec,,,0
B,3,,,,73.7,N,N,N,N,28-Dec,,,0
A,4,,,,73.6,N,N,N,N,25-Dec,,,0
D,5,,,,73.5,N,N,N,N,25-Dec,,,0
C,1,,,,73.3,N,N,N,N,25-Dec,,,0
D,6,,,,73.1,N,N,N,N,25-Dec,,,0
B,2,,,,72.7,N,N,N,N,25-Dec,,,0
A,4,,,,72.5,N,N,N,N,25-Dec,,,0
A,8,,,,72.2,N,N,N,N,8-Dec,,,0
B,1,,,,72,N,N,N,N,25-Dec,,,0
B,6,,,,71.5,N,N,N,N,25-Dec,,,0
A,2,,,,71.3,N,N,N,N,25-Dec,,,0
D,8,,,,71.2,N,N,N,N,8-Dec,,,0
B,5,,,,71.2,N,N,N,N,25-Dec,,,0
B,1,,,,71,N,N,N,N,5-Dec,,,0
B,8,,,,71,N,N,N,N,15-Dec,,,0
D,5,,,,71,N,N,N,N,25-Dec,,,0
C,5,,,,71,N,N,N,N,25-Dec,,,0
C,1,,,,71,N,N,N,N,25-Dec,,,0
B,1,,,,70.9,N,N,Y,N,25-Dec,,,0
D,8,,,,70.8,N,N,N,N,25-Dec,,,0
C,8,,,,70.7,N,N,N,N,25-Dec,,,0
A,2,,,,70.5,N,N,N,N,8-Dec,,,0
B,5,,,,70.5,N,N,Y,N,10-Dec,,,0
D,5,,,,70.5,N,N,N,N,15-Dec,,,0
B,2,,,,70.4,N,N,N,N,8-Dec,,,0
C,1,,,,70,N,N,N,N,25-Dec,,,0
D,5,,,,70,N,N,Y,N,25-Dec,,,0
D,5,,,,69.6,N,N,N,N,28-Dec,,,0
D,5,,,,69.5,N,N,N,N,25-Dec,,,0
D,7,,,,69.5,N,N,N,N,25-Dec,,,0
B,5,,,,69.5,N,N,N,N,28-Dec,,,0
D,2,,,,69.2,N,N,N,N,25-Dec,,,0
A,3,,,,69.2,N,N,N,N,25-Dec,,,0
B,8,,,,69,N,N,N,N,15-Dec,,,0
A,5,,,,69,N,N,Y,N,25-Dec,,,0
D,2,,,,69,N,N,N,N,25-Dec,,,0
A,5,,,,69,N,N,N,N,25-Dec,,,0
B,1,,,,69,N,N,N,N,28-Dec,,,0
D,6,,,,68.7,N,N,N,N,25-Dec,,,0
C,5,,,,68.6,N,N,N,N,25-Dec,,,0
D,4,,,,68.6,N,N,N,N,25-Dec,,,0
D,5,,,,67.9,N,N,N,N,25-Dec,,,0
D,7,,,,67.9,N,N,N,N,28-Dec,,,0
C,2,,,,67.8,N,N,N,N,28-Dec,,,0
C,7,,,,67.4,N,N,N,N,15-Dec,,,0
B,4,,,,67.3,N,N,N,N,28-Dec,,,0
B,1,,,,66.4,N,N,N,N,25-Dec,,,0
D,1,,,,66.3,N,N,N,N,25-Dec,,,0
A,3,,,,66.2,N,N,N,N,15-Dec,,,0
D,8,,,,66.1,N,N,N,N,28-Dec,,,0
C,5,,,,66,N,N,N,N,25-Dec,,,0
A,2,,,,65.6,N,N,N,N,28-Dec,,,0
C,8,,,,65.5,N,N,N,N,25-Dec,,,0
B,8,,,,65.5,N,N,N,N,28-Dec,,,0
D,2,,,,65.3,N,N,N,N,8-Dec,,,0
B,1,,,,65.3,N,N,N,N,25-Dec,,,0
B,8,,,,65.3,N,N,N,N,28-Dec,,,0
D,8,,,,65.2,N,N,N,N,15-Dec,,,0
A,8,,,,64.9,N,N,N,N,25-Dec,,,0
A,6,,,,64.8,N,N,N,N,25-Dec,,,0
D,1,,,,64.8,N,N,N,N,28-Dec,,,0
D,8,,,,64.7,N,N,N,N,28-Dec,,,0
B,1,,,,64.2,N,N,N,N,8-Dec,,,0
D,5,,,,63.8,N,N,N,N,25-Dec,,,0
D,7,,,,63.5,N,N,Y,N,5-Dec,,,0
C,4,,,,63.5,N,N,N,N,5-Dec,,,0
B,8,,,,63.5,N,N,N,N,28-Dec,,,0
D,8,,,,63.4,N,N,N,N,25-Dec,,,0
B,4,,,,63.2,N,N,N,N,8-Dec,,,0
D,4,,,,63.2,N,N,N,N,25-Dec,,,0
D,4,,,,63.2,N,N,N,N,25-Dec,,,0
B,8,,,,63.2,N,N,N,N,25-Dec,,,0
A,4,,,,63.1,N,N,N,N,25-Dec,,,0
D,7,,,,63,N,N,N,N,28-Dec,,,0
A,6,,,,62.8,N,N,N,N,8-Dec,,,0
D,5,,,,62.3,N,N,N,N,25-Dec,,,0
D,2,,,,62.3,N,N,N,N,25-Dec,,,0
C,1,,,,62.3,N,N,N,N,28-Dec,,,0
B,8,,,,62.1,N,N,N,N,28-Dec,,,0
D,2,,,,61.6,N,N,N,N,25-Dec,,,0
C,1,,,,61.6,N,N,N,N,28-Dec,,,0
D,4,,,,61.4,N,N,N,N,25-Dec,,,0
C,1,,,,61.3,N,N,N,N,15-Dec,,,0
C,3,,,,61.3,N,N,N,N,25-Dec,,,0
D,4,,,,61.3,N,N,N,N,25-Dec,,,0
B,1,,,,61.2,N,N,N,N,25-Dec,,,0
D,1,,,,61,N,N,N,N,25-Dec,,,0
D,7,,,,60.9,N,N,N,N,28-Dec,,,0
D,4,,,,60.7,N,N,N,N,28-Dec,,,0
A,5,,,,60.6,N,N,N,N,25-Dec,,,0
A,8,,,,59.9,N,N,N,N,15-Dec,,,0
A,5,,,,59.8,N,N,N,N,25-Dec,,,0
B,8,,,,59.6,N,N,N,N,8-Dec,,,0
B,5,,,,59.5,N,N,N,N,25-Dec,,,0
A,2,,,,59.3,N,N,N,N,8-Dec,,,0
A,7,,,,59.1,N,N,N,N,28-Dec,,,0
A,5,,,,58.9,N,N,N,N,25-Dec,,,0
D,4,,,,58.7,N,N,N,N,25-Dec,,,0
D,6,,,,58.3,N,N,N,N,25-Dec,,,0
B,6,,,,58.3,N,N,N,N,25-Dec,,,0
D,1,,,,58.2,N,N,N,N,28-Dec,,,0
D,4,,,,58,N,N,N,N,25-Dec,,,0
D,2,,,,57.8,N,N,N,N,15-Dec,,,0
B,8,,,,57.7,N,N,N,N,25-Dec,,,0
C,5,,,,57.3,N,N,N,N,28-Dec,,,0
D,4,,,,57.1,N,N,N,N,15-Dec,,,0
B,8,,,,57.1,N,N,N,N,25-Dec,,,0
B,8,,,,57.1,N,N,N,N,25-Dec,,,0
C,3,,,,56.7,N,N,N,N,25-Dec,,,0
D,1,,,,55.9,N,N,N,N,25-Dec,,,0
C,1,,,,55.3,N,N,N,N,25-Dec,,,0
D,5,,,,55.2,N,N,N,N,25-Dec,,,0
B,1,,,,55.1,N,N,N,N,8-Dec,,,0
D,7,,,,55.1,N,N,N,N,28-Dec,,,0
B,1,,,,54.7,N,N,N,N,25-Dec,,,0
A,6,,,,54.6,N,N,N,N,28-Dec,,,0
D,1,,,,54.6,N,N,N,N,28-Dec,,,0
B,5,,,,54.2,N,N,N,N,25-Dec,,,0
A,4,,,,54.2,N,N,N,N,25-Dec,,,0
C,1,,,,53.9,N,N,N,N,25-Dec,,,0
C,3,,,,53.7,N,N,N,N,25-Dec,,,0
A,2,,,,53.7,N,N,N,N,25-Dec,,,0
C,3,,,,53.7,N,N,N,N,25-Dec,,,0
D,5,,,,53.5,N,N,N,N,25-Dec,,,0
C,3,,,,53.3,N,N,N,N,25-Dec,,,0
D,7,,,,53.2,N,N,N,N,25-Dec,,,0
A,8,,,,53.1,N,N,N,N,25-Dec,,,0
A,6,,,,52.7,N,N,N,N,25-Dec,,,0
B,8,,,,52.6,N,N,N,N,25-Dec,,,0
B,8,,,,52.4,N,N,N,N,8-Dec,,,0
A,8,,,,51.9,N,N,N,N,25-Dec,,,0
B,5,,,,51.8,N,N,N,N,25-Dec,,,0
C,1,,,,51.7,N,N,N,N,28-Dec,,,0
B,8,,,,51.7,N,N,N,N,28-Dec,,,0
B,8,,,,51.7,N,N,N,N,28-Dec,,,0
B,5,,,,51.6,N,N,N,N,25-Dec,,,0
D,8,,,,51.5,N,N,N,N,25-Dec,,,0
A,7,,,,51.4,N,N,N,N,25-Dec,,,0
A,2,,,,51,N,N,N,N,25-Dec,,,0
A,1,,,,51,N,N,N,N,25-Dec,,,0
B,8,,,,50.8,N,N,N,N,15-Dec,,,0
D,5,,,,50.8,N,N,N,N,25-Dec,,,0
C,3,,,,50.7,N,N,N,N,25-Dec,,,0
D,8,,,,50.5,N,N,N,N,28-Dec,,,0
C,1,,,,50.3,N,N,N,N,25-Dec,,,0
B,5,,,,50.2,N,N,N,N,25-Dec,,,0
D,1,,,,50.2,N,N,N,N,28-Dec,,,0
A,2,,,,50.1,N,N,N,N,25-Dec,,,0
B,1,,,,50.1,N,N,N,N,28-Dec,,,0
B,8,,,,49.3,N,N,N,N,15-Dec,,,0
D,1,,,,49,N,N,N,N,28-Dec,,,0
B,1,,,,48.7,N,N,N,N,28-Dec,,,0
D,6,,,,48.7,N,N,N,N,28-Dec,,,0
B,8,,,,48.6,N,N,N,N,25-Dec,,,0
B,8,,,,48.4,N,N,N,N,25-Dec,,,0
A,6,,,,48.3,N,N,N,N,15-Dec,,,0
A,6,,,,48.3,N,N,N,N,25-Dec,,,0
A,3,,,,48.2,N,N,N,N,8-Dec,,,0
D,4,,,,48.2,N,N,N,N,25-Dec,,,0
B,8,,,,48.1,N,N,N,N,15-Dec,,,0
D,5,,,,47.9,N,N,N,N,25-Dec,,,0
B,8,,,,47.9,N,N,N,N,25-Dec,,,0
B,5,,,,47.9,N,N,N,N,28-Dec,,,0
D,5,,,,47.7,N,N,N,N,25-Dec,,,0
D,3,,,,47.6,N,N,N,N,25-Dec,,,0
D,1,,,,47.5,N,N,N,N,28-Dec,,,0
B,8,,,,47.4,N,N,N,N,28-Dec,,,0
D,8,,,,47.2,N,N,N,N,25-Dec,,,0
B,8,,,,46.7,N,N,N,N,25-Dec,,,0
B,1,,,,46.6,N,N,N,N,28-Dec,,,0
D,1,,,,46.5,N,N,N,N,28-Dec,,,0
B,8,,,,46.1,N,N,N,N,25-Dec,,,0
A,2,,,,46.1,N,N,N,N,25-Dec,,,0
D,7,,,,45.6,N,N,N,N,28-Dec,,,0
B,8,,,,45.1,N,N,N,N,25-Dec,,,0
D,5,,,,45,N,N,N,N,25-Dec,,,0
A,2,,,,45,N,N,N,N,25-Dec,,,0
B,8,,,,44.7,N,N,N,N,25-Dec,,,0
D,4,,,,44.6,N,N,N,N,15-Dec,,,0
D,5,,,,44.3,N,N,N,N,15-Dec,,,0
C,4,,,,44.2,N,N,N,N,25-Dec,,,0
A,8,,,,43.9,N,N,N,N,25-Dec,,,0
D,6,,,,43.3,N,N,N,N,25-Dec,,,0
A,6,,,,43,N,N,N,N,28-Dec,,,0
B,8,,,,42.2,N,N,N,N,25-Dec,,,0
A,2,,,,42.2,N,N,N,N,28-Dec,,,0
C,3,,,,42.1,N,N,N,N,28-Dec,,,0
A,2,,,,42,N,N,N,N,25-Dec,,,0
C,1,,,,41.8,N,N,N,N,28-Dec,,,0
D,5,,,,41.7,N,N,N,N,15-Dec,,,0
A,5,,,,41.7,N,N,N,N,25-Dec,,,0
A,8,,,,41.4,N,N,N,N,25-Dec,,,0
B,5,,,,41.4,N,N,N,N,28-Dec,,,0
D,1,,,,41.4,N,N,N,N,28-Dec,,,0
B,2,,,,41.1,N,N,N,N,25-Dec,,,0
C,2,,,,40.8,N,N,N,N,28-Dec,,,0
A,4,,,,40.2,N,N,N,N,25-Dec,,,0
C,2,,,,40.2,N,N,N,N,25-Dec,,,0
D,5,,,,39.6,N,N,N,N,25-Dec,,,0
B,5,,,,39.6,N,N,N,N,25-Dec,,,0
A,2,,,,39.5,N,N,N,N,28-Dec,,,0
B,8,,,,39.4,N,N,N,N,25-Dec,,,0
A,2,,,,39.3,N,N,N,N,25-Dec,,,0
D,2,,,,39.1,N,N,N,N,28-Dec,,,0
A,2,,,,38.8,N,N,N,N,25-Dec,,,0
B,5,,,,38.7,N,N,N,N,25-Dec,,,0
A,2,,,,38.3,N,N,N,N,25-Dec,,,0
B,5,,,,38.1,N,N,N,N,15-Dec,,,0
D,7,,,,37.7,N,N,N,N,25-Dec,,,0
A,6,,,,37.7,N,N,N,N,25-Dec,,,0
A,7,,,,37.6,N,N,N,N,8-Dec,,,0
D,1,,,,37.2,N,N,N,N,25-Dec,,,0
C,4,,,,37,N,N,N,N,28-Dec,,,0
B,8,,,,36,N,N,N,N,8-Dec,,,0
C,4,,,,36,N,N,N,N,25-Dec,,,0
D,1,,,,36,N,N,N,N,28-Dec,,,0
B,8,,,,35.8,N,N,N,N,15-Dec,,,0
D,1,,,,35.6,N,N,N,N,28-Dec,,,0
A,2,,,,34.8,N,N,N,N,28-Dec,,,0
D,6,,,,34.7,N,N,N,N,25-Dec,,,0
B,2,,,,34.6,N,N,Y,N,25-Dec,,,0
A,6,,,,34,N,N,N,N,25-Dec,,,0
A,2,,,,34,N,N,N,N,28-Dec,,,0
A,6,,,,33.8,N,N,N,N,15-Dec,,,0
D,1,,,,33.8,N,N,N,N,28-Dec,,,0
B,1,,,,33.7,N,N,N,N,28-Dec,,,0
B,8,,,,32.5,N,N,N,N,25-Dec,,,0
C,3,,,,29.5,N,N,N,N,25-Dec,,,0
A,8,,,,29.1,N,N,N,N,28-Dec,,,0
D,3,,,,28.4,N,N,N,N,25-Dec,,,0
D,7,,,,28,N,N,N,N,25-Dec,,,0
D,3,,,,28,N,N,N,N,25-Dec,,,0
A,2,,,,28,N,N,N,N,28-Dec,,,0
A,8,,,,27.1,N,N,N,N,28-Dec,,,0
A,6,,,,25.8,N,N,N,N,28-Dec,,,0
B,8,,,,25.6,N,N,N,N,15-Dec,,,0
A,4,,,,25.3,N,N,N,N,28-Dec,,,0
B,8,,,,24.9,N,N,N,N,25-Dec,,,0
D,8,,,,24.2,N,N,N,N,15-Dec,,,0
B,8,,,,24,N,N,N,N,25-Dec,,,0
D,1,,,,23,N,N,N,N,28-Dec,,,0
D,5,,,,21.7,N,N,N,N,28-Dec,,,0
D,1,,,,19.9,N,N,N,N,25-Dec,,,0
D,1,,,,14.1,N,N,N,N,28-Dec,,,0
A,3,,,,,N,N,N,N,3-Nov,,,0
B,5,3,,,,N,N,N,N,8-Nov,,,0
D,2,0,0,0,,N,N,N,N,8-Nov,,,0
D,2,0,0,0,,N,N,N,N,10-Nov,,,0
D,6,,,,,N,N,Y,N,10-Dec,,,0
B,8,,,,,N,N,Y,N,10-Dec,,,0
A,8,,,,,N,N,Y,N,10-Dec,,,0
D,8,,,,,N,N,N,N,25-Dec,,,0
B,6,,,,,N,N,Y,N,25-Dec,,,0
A,2,,,,,N,N,Y,N,25-Dec,,,0
B,4,,,,,N,N,N,N,28-Dec,,,0
B,6,,,,,N,N,N,N,28-Dec,,,0
B,8,,,,,N,N,N,N,28-Dec,,,0
A,7,,,,,N,N,N,N,28-Dec,,,0
B,7,,,,,N,N,N,N,28-Dec,,,0
B,8,,,,,N,N,N,N,28-Dec,,,0
D,1,,,,,N,N,N,N,28-Dec,,,0
B,7,,,,,N,N,N,N,28-Dec,,,0
B,8,,,,,N,N,N,N,28-Dec,,,0
C,1,,,,,N,N,N,N,28-Dec,,,0
C,3,,,,,N,N,N,N,28-Dec,,,0
D,8,,,,,N,N,N,N,28-Dec,,,0
D,6,,,,,N,N,N,N,28-Dec,,,0
D,8,,,,,N,N,N,N,28-Dec,,,0
D,8,,,,,N,N,N,N,28-Dec,,,0
D,8,,,,,N,N,N,N,28-Dec,,,0
B,6,,,,,N,N,N,N,28-Dec,,,0
B,3,,,,,N,N,N,N,28-Dec,,,0
C,5,,,,,N,N,N,N,28-Dec,,,0
C,3,,,,,N,N,N,N,28-Dec,,,0
C,7,,,,,N,N,N,N,28-Dec,,,0
D,4,,,,107.1,Y,N,Y,N,15-Dec,0,0,0
B,5,1,2,0,104.3,Y,N,N,N,28-Oct,7,6.7,6.85
B,3,2,0,0,185.2,Y,N,N,N,24-Oct,,,0
D,3,2,0,0,161.6,Y,N,N,N,20-Oct,,,0
C,6,3,1,0,160.7,Y,N,N,N,4-Nov,,,0
C,5,3,2,,147.5,Y,N,N,N,10-Nov,,,0
D,5,,,,146.7,Y,N,N,N,15-Dec,,,0
A,8,1,1,0,140.5,Y,N,N,N,20-Oct,,,0
A,8,1,1,0,140.5,Y,Y,N,N,20-Oct,,,0
D,4,,,,135.1,Y,N,N,N,2-Dec,,,0
A,8,1,1,0,124.8,Y,N,N,N,24-Oct,,,0
D,8,2,3,,119.1,Y,N,N,N,18-Nov,,,0
A,5,2,0,0,118.1,Y,N,N,Y,20-Oct,,,0
D,8,,,,118.1,Y,N,N,N,15-Dec,,,0
C,4,2,0,0,118,Y,N,N,N,20-Oct,,,0
C,8,2,0,0,115.4,Y,N,N,N,24-Oct,,,0
B,1,2,0,0,114.2,Y,N,N,N,20-Oct,,,0
B,6,,,,113.7,Y,N,N,N,10-Nov,,,0
D,1,1,1,0,112.4,Y,N,N,N,24-Oct,,,0
D,5,,,,108.8,Y,N,N,N,10-Dec,,,0
D,8,,,,108.7,Y,N,N,N,10-Dec,,,0
C,5,,,,107.2,Y,N,N,N,2-Dec,,,0
A,7,,,,106.9,Y,N,Y,N,15-Dec,,,0
D,7,2,0,0,106.1,Y,N,N,N,20-Oct,,,0
C,5,,,,105.1,Y,N,N,N,2-Dec,,,0
D,1,1,1,0,104.5,Y,N,N,N,24-Oct,,,0
A,3,,,,104.4,Y,N,N,N,15-Dec,,,0
D,5,2,0,0,102.8,Y,N,N,N,20-Oct,,,0
D,8,,,,102.5,Y,N,N,N,2-Dec,,,0
A,4,,,,101.6,Y,N,N,N,18-Nov,,,0
C,1,,,,101,Y,N,N,N,15-Dec,,,0
C,8,2,0,0,100.7,Y,N,N,N,28-Oct,,,0
A,8,3,0,0,100.6,Y,N,N,N,20-Oct,,,0
C,5,,,,100,Y,N,N,N,15-Dec,,,0
D,4,,,,99.4,Y,N,N,N,10-Dec,,,0
D,8,,,,99,Y,N,N,N,15-Dec,,,0
C,1,,,,96.7,Y,N,N,N,15-Dec,,,0
D,5,,,,95.7,Y,N,N,N,18-Nov,,,0
D,1,1,1,0,95.5,Y,N,N,Y,20-Oct,,,0
C,1,,,,95.4,Y,N,N,N,18-Nov,,,0
C,8,2,0,0,94.8,Y,N,N,N,24-Oct,,,0
C,8,,,,94.1,Y,N,N,N,15-Dec,,,0
C,4,2,1,0,93.9,Y,N,N,N,4-Nov,,,0
C,8,,,,93,Y,N,N,N,18-Nov,,,0
A,6,1,1,0,92.6,Y,N,N,N,20-Oct,,,0
B,1,1,0,0,92.1,Y,N,N,N,3-Nov,,,0
C,5,,,,92,Y,N,N,N,18-Nov,,,0
D,2,0,0,0,90.8,Y,N,N,N,4-Nov,,,0
D,7,,,,90.8,Y,N,N,N,18-Nov,,,0
A,8,1,0,0,90.3,Y,N,N,N,20-Oct,,,0
A,6,3,0,0,89.9,Y,N,N,N,24-Oct,,,0
D,3,1,1,0,89.4,Y,N,N,N,24-Oct,,,0
B,6,,,,89,Y,N,N,N,2-Dec,,,0
B,5,,,,88.9,Y,N,N,N,2-Dec,,,0
C,8,1,1,0,88.4,Y,N,N,N,20-Oct,,,0
B,5,4,0,0,87.7,Y,N,N,N,8-Nov,,,0
A,8,,,,87.4,Y,N,N,N,2-Dec,,,0
D,8,,,,87.3,Y,N,N,N,15-Dec,,,0
C,8,,,,87,Y,N,N,N,2-Dec,,,0
B,6,,,,86.6,Y,N,N,N,14-Nov,,,0
D,8,,,,86,Y,N,N,N,2-Dec,,,0
D,1,1,2,0,85.7,Y,N,N,N,24-Oct,,,0
D,7,2,0,0,85.6,Y,N,N,N,25-Oct,,,0
D,3,2,0,0,85.4,Y,N,N,N,24-Oct,,,0
C,8,,,,85.2,Y,N,N,N,18-Nov,,,0
B,1,1,1,0,85,Y,N,N,N,20-Oct,,,0
D,7,2,0,0,84.5,Y,N,N,N,28-Oct,,,0
D,8,,,,83.2,Y,N,N,N,15-Dec,,,0
D,1,1,1,0,82.9,Y,N,N,N,20-Oct,,,0
D,1,0,0,0,82.9,Y,N,N,N,4-Nov,,,0
B,5,,,,82.5,Y,N,N,N,18-Nov,,,0
A,8,,,,81.4,Y,N,N,N,2-Dec,,,0
B,7,2,1,,81.3,Y,N,N,N,10-Nov,,,0
D,8,,,,81.3,Y,N,N,N,18-Nov,,,0
A,2,2,0,0,81,Y,N,N,N,20-Oct,,,0
D,4,,,,80.9,Y,N,N,N,2-Dec,,,0
C,8,2,2,,80.8,Y,N,N,N,10-Nov,,,0
D,5,2,0,0,80.7,Y,N,N,N,28-Oct,,,0
A,8,1,1,0,77.6,Y,N,N,N,4-Nov,,,0
D,5,2,0,0,77.2,Y,N,N,N,24-Oct,,,0
B,8,,,,77,Y,N,N,N,2-Dec,,,0
C,8,,,,76.7,Y,N,N,N,18-Nov,,,0
A,7,,,,75.8,Y,N,N,N,2-Dec,,,0
D,4,,,,75.4,Y,N,N,N,18-Nov,,,0
D,5,2,0,0,75,Y,N,N,N,20-Oct,,,0
D,1,1,1,0,75,Y,N,N,N,20-Oct,,,0
D,5,,,,74.8,Y,N,N,N,2-Dec,,,0
B,8,,,,74.8,Y,N,N,N,15-Dec,,,0
B,8,,,,73.7,Y,N,N,N,2-Dec,,,0
A,6,3,2,0,73.1,Y,N,N,N,1-Nov,,,0
C,5,,,,72.9,Y,N,N,N,15-Dec,,,0
A,5,2,,,72.1,Y,N,N,N,10-Nov,,,0
D,8,,,,71.7,Y,N,N,N,2-Dec,,,0
C,8,5,0,0,71.1,Y,N,N,N,4-Nov,,,0
D,1,1,1,1,71,Y,N,N,N,20-Oct,,,0
D,3,2,0,0,70.9,Y,N,N,N,28-Oct,,,0
D,3,,,,70.1,Y,N,N,N,10-Nov,,,0
D,1,1,1,0,70,Y,N,N,N,20-Oct,,,0
A,4,,,,69.8,Y,N,N,N,2-Dec,,,0
B,6,,,,69.6,Y,N,N,N,18-Nov,,,0
B,3,,,,69.4,Y,N,N,N,15-Dec,,,0
D,1,,,,69.3,Y,N,N,N,15-Dec,,,0
B,8,,,,68.4,Y,N,N,N,10-Dec,,,0
B,6,,,,68.3,Y,N,N,N,15-Dec,,,0
A,4,,,,68,Y,N,N,N,2-Dec,,,0
B,6,,,,67.7,Y,N,Y,N,15-Dec,,,0
C,2,,,,67.4,Y,N,N,N,15-Dec,,,0
B,8,,,,67.1,Y,N,N,N,10-Nov,,,0
D,3,,,,66.9,Y,N,N,N,2-Dec,,,0
D,3,,,,66.3,Y,N,Y,N,8-Nov,,,0
C,1,,,,65.7,Y,N,N,N,10-Dec,,,0
C,2,,,,64.3,Y,N,N,N,10-Nov,,,0
C,8,,,,64.1,Y,N,N,N,15-Dec,,,0
A,6,1,1,,64,Y,N,N,N,18-Nov,,,0
A,8,,,,63.5,Y,N,N,N,18-Nov,,,0
B,1,2,1,0,63.1,Y,N,N,N,4-Nov,,,0
D,1,1,0,0,62.7,Y,N,N,N,20-Oct,,,0
D,1,,,,62.6,Y,N,N,N,28-Dec,,,0
D,5,2,0,0,62.2,Y,N,N,N,20-Oct,,,0
A,6,1,2,,61.4,Y,N,N,N,14-Nov,,,0
D,1,2,0,0,61.2,Y,N,N,N,1-Nov,,,0
A,8,,,,60.7,Y,N,N,N,2-Dec,,,0
D,5,,,,59.7,Y,N,N,N,18-Nov,,,0
D,7,,,,59.2,Y,N,N,N,29-Nov,,,0
D,7,,,,58.3,Y,N,N,N,30-Nov,,,0
C,2,,,,57.4,Y,N,N,N,2-Dec,,,0
D,1,0,0,0,57.3,Y,N,N,N,4-Nov,,,0
B,8,,,,57.3,Y,N,N,N,15-Dec,,,0
C,8,1,2,1,57.1,Y,N,N,N,14-Nov,,,0
C,2,,,,56.7,Y,N,N,N,18-Nov,,,0
B,6,1,2,,56.6,Y,N,N,N,18-Nov,,,0
C,2,,,,56.2,Y,N,N,N,2-Dec,,,0
A,6,1,2,,55.1,Y,N,N,N,10-Nov,,,0
D,3,,,,54.9,Y,N,N,N,2-Dec,,,0
B,5,,,,54.3,Y,N,N,N,15-Dec,,,0
A,2,,,,53.4,Y,N,N,N,2-Dec,,,0
D,1,2,1,0,51.7,Y,N,N,N,28-Oct,,,0
D,1,2,2,0,50.8,Y,N,N,N,28-Oct,,,0
D,4,0,0,0,48.1,Y,N,N,N,11-Nov,,,0
C,1,2,0,0,42.4,Y,N,N,N,11-Nov,,,0
B,1,2,1,0,41.4,Y,N,N,N,4-Nov,,,0
D,1,1,1,0,,Y,N,N,N,20-Oct,,,0
D,1,1,2,0,,Y,,N,Y,24-Oct,,,0
D,1,1,0,0,,Y,N,N,N,24-Oct,,,0
A,5,2,1,0,,Y,Y,N,N,24-Oct,,,0
A,6,3,0,0,,Y,Y,N,N,24-Oct,,,0
D,3,2,0,0,,Y,N,N,N,28-Oct,,,0
D,3,,,,,Y,N,N,N,8-Nov,,,0
B,8,,,,,Y,N,N,N,10-Nov,,,0
A,6,,,,,Y,N,N,N,10-Nov,,,0
B,8,,,,,Y,N,N,N,10-Nov,,,0
A,2,2,1,,,Y,N,N,N,10-Nov,,,0
A,8,,,,,Y,N,N,N,10-Nov,,,0
B,8,1,2,,,Y,N,N,N,10-Nov,,,0
D,7,,,,,Y,N,N,N,26-Nov,,,0
C,5,,,,,Y,N,N,N,26-Nov,,,0
A,6,,,,,Y,N,N,N,26-Nov,,,0
C,8,,,,,Y,N,N,N,26-Nov,,,0
D,7,,,,,Y,N,N,N,26-Nov,,,0
C,5,,,,,Y,N,N,N,26-Nov,,,0
C,1,,,,,Y,N,N,N,26-Nov,,,0
C,8,,,,,Y,N,N,N,26-Nov,,,0
D,8,,,,,Y,N,N,N,26-Nov,,,0
B,4,,,,,Y,N,N,N,26-Nov,,,0
D,1,,,,,Y,N,N,N,26-Nov,,,0
D,8,,,,,Y,N,N,N,26-Nov,,,0
C,3,,,,,Y,N,N,N,26-Nov,,,0
